{
	"pages": [


		{
			"path": "pages/home/home",
			"style": {
				"navigationBarTitleText": "商友圈",
				"enablePullDownRefresh": true
			}
		},
		{
			"path": "pages/index/index",
			"style": {
				"navigationBarTitleText": "猩聚社"
			}
		},
		{
			"path": "pages/active/active",
			"style": {
				"navigationBarTitleText": "聚会",
				"enablePullDownRefresh": true
			}
		},
		{
			"path": "pages/shop/shop",
			"style": {
				"navigationBarTitleText": "聚店"
			}
		},
		{
			"path": "pages/my/my",
			"style": {
				"navigationBarTitleText": "猩世界"
			}
		},
		// {
		// 	"path": "pages/active-detail/active-detail",
		// 	"style": {
		// 		"navigationBarTitleText": "聚会详情"
		// 	}
		// },
		// {
		// 	"path": "pages/active-publish/active-publish",
		// 	"style": {
		// 		"navigationBarTitleText": "发起聚会"
		// 	}
		// },
		{
			"path": "pages/active-enroll/active-enroll",
			"style": {
				"navigationBarTitleText": "聚会报名"
			}
		},
		// {
		// 	"path": "pages/my-edit/my-edit",
		// 	"style": {
		// 		"navigationBarTitleText": "编辑资料"
		// 	}
		// },
		// {
		// 	"path": "pages/my-account/my-account",
		// 	"style": {
		// 		"navigationBarTitleText": "账户详情"
		// 	}
		// },
		{
			"path": "pages/my-businessCard/my-businessCard",
			"style": {
				"navigationBarTitleText": "个人名片"
			}
		},
		{
			"path": "pages/shop-detail/shop-detail",
			"style": {
				"navigationBarTitleText": "聚店详情"
			}
		},
		// {
		// 	"path": "pages/home-commercialDetail/home-commercialDetail",
		// 	"style": {
		// 		"navigationBarTitleText": "商机详情"
		// 	}
		// },
		{
			"path": "pages/applicationBusinessCard/applicationBusinessCard",
			"style": {
				"navigationBarTitleText": "兑换名片"
			}
		},
		{
			"path": "pages/shop-recommend/shop-recommend",
			"style": {
				"navigationBarTitleText": "推荐聚店"
			}
		},
		{
			"path": "pages/home-opportunitiesPublish/home-opportunitiesPublish",
			"style": {
				"navigationBarTitleText": "发布帖子"
			}
		},
		{
			"path": "pages/my-active/my-active",
			"style": {
				"navigationBarTitleText": "我的聚会"
			}
		},
		{
			"path": "pages/my-opportunity/my-opportunity",
			"style": {
				"navigationBarTitleText": "我的商机"
			}
		},
		{
			"path": "pages/my-collection/my-collection",
			"style": {
				"navigationBarTitleText": "我的收藏"
			}
		},
		{
			"path": "pages/user-agreement/user-agreement",
			"style": {
				"navigationBarTitleText": "协议"
			}
		},
		{
			"path": "pages/location/location",
			"style": {
				"navigationBarTitleText": "摇一摇"
			}
		},
		{
			"path": "pages/shop-list/shop-list",
			"style": {
				"navigationBarTitleText": "聚店列表"
			}
		},
		{
			"path": "pages/my-setting/my-setting",
			"style": {
				"navigationBarTitleText": "设置"
			}
		},
		{
			"path": "pages/my-follow/my-follow",
			"style": {
				"navigationBarTitleText": "我的关注"
			}
		},
		{
			"path": "pages/my-active-apply/my-active-apply",
			"style": {
				"navigationBarTitleText": "申请退款"
			}
		},
		{
			"path": "pages/my-active-manage/my-active-manage",
			"style": {
				"navigationBarTitleText": "处理退款"
			}
		},
		{
			"path": "pages/my-active-approval/my-active-approval",
			"style": {
				"navigationBarTitleText": "退款审批"
			}
		},
		{
			"path": "pages/my-shop/my-shop",
			"style": {
				"navigationBarTitleText": "我的聚店"
			}
		},
		{
			"path": "pages/my-shopRecommend/my-shopRecommend",
			"style": {
				"navigationBarTitleText": "我的推荐聚店"
			}
		},
		{
			"path": "pages/myStore-edit/myStore-edit",
			"style": {
				"navigationBarTitleText": "修改聚店信息"
			}
		},
		{
			"path": "pages/login/login",
			"style": {
				"navigationBarTitleText": "登录"
			}
		},
		{
			"path": "pages/activity-participants/activity-participants",
			"style": {
				"navigationBarTitleText": "报名用户"
			}
		},
		{
			"path": "pages/my-edit-label/my-edit-label",
			"style": {
				"navigationBarTitleText": "数字标签"
			}
		},
		{
			"path": "pages/my-active-registeredUser/my-active-registeredUser",
			"style": {
				"navigationBarTitleText": "报名用户"
			}
		},
		{
			"path": "pages/my-active-secondRegistration/my-active-secondRegistration",
			"style": {
				"navigationBarTitleText": "重新确认"
			}
		},
		// {
		// 	"path": "pages/my-account-informationDetails/my-account-informationDetails",
		// 	"style": {
		// 		"navigationBarTitleText": "个人信息详情"
		// 	}
		// },
		{
			"path": "pages/my-recommendFriends/my-recommendFriends",
			"style": {
				"navigationBarTitleText": "我的推荐商友"
			}
		},
		{
			"path": "pages/recharge/recharge",
			"style": {
				"navigationBarTitleText": "充值"
			}
		},
		{
			"path": "pages/my-memberDetails/my-memberDetails",
			"style": {
				"navigationBarTitleText": "会员详情"
			}
		},
		{
			"path": "pages/my-order/my-order",
			"style": {
				"navigationBarTitleText": "订单"
			}
		},
		{
			"path": "pages/relation/relation",
			"style": {
				"navigationBarTitleText": "六度人脉"
			}
		},
		{
			"path": "pages/shop-apply/shop-apply",
			"style": {
				"navigationBarTitleText": "申请上榜"
			}
		},
		{
			"path": "pages/my-systemSuggestions/my-systemSuggestions",
			"style": {
				"navigationBarTitleText": "系统建议"
			}
		},
		{
			"path": "pages/my-auth/my-auth",
			"style": {
				"navigationBarTitleText": "实名认证"
			}
		}
	],

	"subPackages": [{
		"root": "packages", // 告诉编译器，分包的根目录是 'packages' 文件夹
		// "independent": true ,
		"pages": [
			// 分包内的页面列表，路径是相对于 'root' 的
			{
				"path": "my-account-informationDetails/my-account-informationDetails",
				"style": {
					"navigationBarTitleText": "用户详情"
				}
			},
			{
				"path": "my-account/my-account",
				"style": {
					"navigationBarTitleText": "账户详情"
				}
			},
			{
				"path": "home-commercialDetail/home-commercialDetail",
				"style": {
					"navigationBarTitleText": "商机详情"
				}
			},
			{
				"path": "my-edit/my-edit",
				"style": {
					"navigationBarTitleText": "编辑资料"
				}
			},
			{
				"path": "active-publish/active-publish",
				"style": {
					"navigationBarTitleText": "聚会发布"
				}
			},
			{
				"path": "active-detail/active-detail",
				"style": {
					"navigationBarTitleText": "聚会详情"
				}
			},
			{
				"path" : "my-points/my-points",
				"style" : 
				{
					"navigationBarTitleText" : "我的贡分"
				}
			},
			{
				"path" : "my-zhimi/my-zhimi",
				"style" : 
				{
					"navigationBarTitleText" : "我的智米"
				}
			},
			{
				"path" : "getPoints/getPoints",
				"style" : 
				{
					"navigationBarTitleText" : "获取贡分"
				}
			},
			{
				"path" : "my-member/my-member",
				"style" : 
				{
					"navigationBarTitleText" : "用户中心"
				}
			},
			{
				"path" : "my-friendInvitation/my-friendInvitation",
				"style" : 
				{
					"navigationBarTitleText" : "商友邀请"
				}
			},
			{
				"path" : "my-systemConstruction/my-systemConstruction",
				"style" : 
				{
					"navigationBarTitleText" : "系统共建"
				}
			},
			{
				"path" : "user-opportunities/user-opportunities",
				"style" : 
				{
					"navigationBarTitleText" : "商友圈"
				}
			}
			// 如果还有其他页面要放进这个分包，继续在这里加
		]
	}],


	"tabBar": {
		"color": "#999",
		"selectedColor": "#ff770f",
		"backgroundColor": "#fff",
		"list": [{
				"pagePath": "pages/home/home",
				"text": "商友圈",
				"iconPath": "static/tabbar/home.png",
				"selectedIconPath": "static/tabbar/home-active.png"
			},
			{
				"pagePath": "pages/active/active",
				"text": "聚会",
				"iconPath": "/static/tabbar/active.png",
				"selectedIconPath": "/static/tabbar/active-active.png"
			},
			// {
			// 	"pagePath": "pages/location/location",
			// 	"text": "附近",
			// 	"iconPath": "/static/tabbar/location.png",
			// 	"selectedIconPath": "/static/tabbar/location-active.png"
			// },
			{
				"pagePath": "pages/relation/relation",
				"text": "六度人脉",
				"iconPath": "/static/tabbar/location.png",
				"selectedIconPath": "/static/tabbar/location-active.png"
			},
			{
				"pagePath": "pages/shop/shop",
				"text": "聚店",
				"iconPath": "/static/tabbar/shop.png",
				"selectedIconPath": "/static/tabbar/shop-active.png"
			},
			{
				"pagePath": "pages/my/my",
				"text": "猩世界",
				"iconPath": "static/tabbar/me.png",
				"selectedIconPath": "static/tabbar/me-active.png"
			}
		]
	},

	"globalStyle": {
		"navigationBarTextStyle": "black",
		"navigationBarTitleText": "uni-app",
		"navigationBarBackgroundColor": "#F8F8F8",
		"backgroundColor": "#F8F8F8",
		"app-plus": {
			"background": "#efeff4"
		}
	}

}